案件,縣市,鄉鎮市區,同意票數,不同意票數,有效票數,無效票數,投票數,投票權人數,投票率(%),有效同意票數對投票權人數百分比(%),有效不同意票數對投票權人數百分比(%),有效同意與不同意票數對投票權人數百分比差值
第10案,全國,,"7,658,008","2,907,429","10,565,437","459,508","11,024,945","19,757,067",55.8%,38.76%,14.72%,24.04
第10案,連江縣,,"4,341","1,249","5,590",179,"5,769","11,205",51.49%,38.74%,11.15%,27.59
第10案,連江縣,南竿鄉,"2,485",691,"3,176",101,"3,277","6,461",50.72%,38.46%,10.69%,27.77
第10案,連江縣,北竿鄉,832,234,"1,066",44,"1,110","2,125",52.24%,39.15%,11.01%,28.14
第10案,連江縣,莒光鄉,592,182,774,22,796,"1,481",53.75%,39.97%,12.29%,27.68
第10案,連江縣,東引鄉,432,142,574,12,586,"1,138",51.49%,37.96%,12.48%,25.48
第10案,金門縣,,"32,991","8,977","41,968","2,006","43,974","122,695",35.84%,26.89%,7.32%,19.57
第10案,金門縣,金城鎮,"10,065","2,610","12,675",596,"13,271","37,815",35.09%,26.62%,6.90%,19.72
第10案,金門縣,金沙鎮,"5,217","1,043","6,260",316,"6,576","18,560",35.43%,28.11%,5.62%,22.49
第10案,金門縣,金湖鎮,"7,214","1,841","9,055",457,"9,512","25,915",36.7%,27.84%,7.10%,20.74
第10案,金門縣,金寧鄉,"7,058","2,711","9,769",419,"10,188","28,162",36.18%,25.06%,9.63%,15.43
第10案,金門縣,烈嶼鄉,"3,304",748,"4,052",210,"4,262","11,676",36.5%,28.3%,6.41%,21.89
第10案,金門縣,烏坵鄉,133,24,157,8,165,567,29.1%,23.46%,4.23%,19.23
第10案,宜蘭縣,,"150,234","55,064","205,298","11,224","216,522","386,089",56.08%,38.91%,14.26%,24.65
第10案,宜蘭縣,宜蘭市,"30,720","12,445","43,165","1,929","45,094","79,167",56.96%,38.8%,15.72%,23.08
第10案,宜蘭縣,羅東鎮,"22,790","9,020","31,810","1,500","33,310","57,686",57.74%,39.51%,15.64%,23.87
第10案,宜蘭縣,蘇澳鎮,"13,507","4,747","18,254","1,306","19,560","34,512",56.68%,39.14%,13.75%,25.39
第10案,宜蘭縣,頭城鎮,"9,591","3,316","12,907",913,"13,820","25,135",54.98%,38.16%,13.19%,24.97
第10案,宜蘭縣,礁溪鄉,"11,795","4,186","15,981",918,"16,899","31,084",54.37%,37.95%,13.47%,24.48
第10案,宜蘭縣,壯圍鄉,"8,704","3,073","11,777",765,"12,542","21,447",58.48%,40.58%,14.33%,26.25
第10案,宜蘭縣,員山鄉,"10,506","3,689","14,195","1,036","15,231","28,131",54.14%,37.35%,13.11%,24.24
第10案,宜蘭縣,冬山鄉,"17,229","6,321","23,550","1,142","24,692","45,405",54.38%,37.95%,13.92%,24.03
第10案,宜蘭縣,五結鄉,"13,075","4,826","17,901",931,"18,832","34,892",53.97%,37.47%,13.83%,23.64
第10案,宜蘭縣,三星鄉,"6,950","2,597","9,547",547,"10,094","19,051",52.98%,36.48%,13.63%,22.85
第10案,宜蘭縣,大同鄉,"3,001",443,"3,444",113,"3,557","4,935",72.08%,60.81%,8.98%,51.83
第10案,宜蘭縣,南澳鄉,"2,366",401,"2,767",124,"2,891","4,644",62.25%,50.95%,8.63%,42.32
第10案,新竹縣,,"181,680","63,339","245,019","8,964","253,983","445,051",57.07%,40.82%,14.23%,26.59
第10案,新竹縣,竹北市,"53,786","24,075","77,861","2,328","80,189","137,129",58.48%,39.22%,17.56%,21.66
第10案,新竹縣,竹東鎮,"31,110","10,315","41,425","1,472","42,897","78,794",54.44%,39.48%,13.09%,26.39
第10案,新竹縣,新埔鎮,"12,060","3,598","15,658",704,"16,362","28,894",56.63%,41.74%,12.45%,29.29
第10案,新竹縣,關西鎮,"10,622","2,908","13,530",602,"14,132","24,712",57.19%,42.98%,11.77%,31.21
第10案,新竹縣,湖口鄉,"26,323","8,274","34,597","1,276","35,873","63,511",56.48%,41.45%,13.03%,28.42
第10案,新竹縣,新豐鄉,"18,858","5,985","24,843",881,"25,724","45,790",56.18%,41.18%,13.07%,28.11
第10案,新竹縣,芎林鄉,"7,391","2,410","9,801",446,"10,247","17,293",59.26%,42.74%,13.94%,28.80
第10案,新竹縣,橫山鄉,"5,052","1,310","6,362",378,"6,740","11,346",59.4%,44.53%,11.55%,32.98
第10案,新竹縣,北埔鄉,"3,431","1,020","4,451",209,"4,660","8,180",56.97%,41.94%,12.47%,29.47
第10案,新竹縣,寶山鄉,"5,395","1,934","7,329",307,"7,636","12,973",58.86%,41.59%,14.91%,26.68
第10案,新竹縣,峨眉鄉,"2,327",594,"2,921",156,"3,077","5,068",60.71%,45.92%,11.72%,34.20
第10案,新竹縣,尖石鄉,"3,551",573,"4,124",140,"4,264","7,364",57.9%,48.22%,7.78%,40.44
第10案,新竹縣,五峰鄉,"1,774",343,"2,117",65,"2,182","3,997",54.59%,44.38%,8.58%,35.80
第10案,苗栗縣,,"193,302","58,441","251,743","11,832","263,575","461,580",57.1%,41.88%,12.66%,29.22
第10案,苗栗縣,苗栗市,"31,728","9,817","41,545","1,549","43,094","74,249",58.04%,42.73%,13.22%,29.51
第10案,苗栗縣,苑裡鎮,"16,565","4,721","21,286","1,128","22,414","38,890",57.63%,42.59%,12.14%,30.45
第10案,苗栗縣,通霄鎮,"12,021","3,476","15,497",821,"16,318","29,709",54.93%,40.46%,11.70%,28.76
第10案,苗栗縣,竹南鎮,"27,788","9,368","37,156","1,469","38,625","68,528",56.36%,40.55%,13.67%,26.88
第10案,苗栗縣,頭份市,"34,848","10,973","45,821","1,742","47,563","83,617",56.88%,41.68%,13.12%,28.56
第10案,苗栗縣,後龍鎮,"12,396","3,728","16,124","1,014","17,138","30,948",55.38%,40.05%,12.05%,28.00
第10案,苗栗縣,卓蘭鎮,"6,376","1,908","8,284",414,"8,698","14,772",58.88%,43.16%,12.92%,30.24
第10案,苗栗縣,大湖鄉,"5,014","1,401","6,415",353,"6,768","12,653",53.49%,39.63%,11.07%,28.56
第10案,苗栗縣,公館鄉,"12,174","3,678","15,852",907,"16,759","28,318",59.18%,42.99%,12.99%,30.00
第10案,苗栗縣,銅鑼鄉,"6,310","1,866","8,176",467,"8,643","15,424",56.04%,40.91%,12.10%,28.81
第10案,苗栗縣,南庄鄉,"3,233",869,"4,102",246,"4,348","8,784",49.5%,36.81%,9.89%,26.92
第10案,苗栗縣,頭屋鄉,"4,569","1,286","5,855",266,"6,121","9,390",65.19%,48.66%,13.70%,34.96
第10案,苗栗縣,三義鄉,"6,114","1,678","7,792",366,"8,158","13,889",58.74%,44.02%,12.08%,31.94
第10案,苗栗縣,西湖鄉,"2,657",718,"3,375",182,"3,557","6,382",55.73%,41.63%,11.25%,30.38
第10案,苗栗縣,造橋鄉,"4,728","1,328","6,056",380,"6,436","11,027",58.37%,42.88%,12.04%,30.84
第10案,苗栗縣,三灣鄉,"2,498",664,"3,162",226,"3,388","5,852",57.89%,42.69%,11.35%,31.34
第10案,苗栗縣,獅潭鄉,"1,565",343,"1,908",139,"2,047","3,968",51.59%,39.44%,8.64%,30.80
第10案,苗栗縣,泰安鄉,"2,718",619,"3,337",163,"3,500","5,180",67.57%,52.47%,11.95%,40.52
第10案,彰化縣,,"447,132","139,760","586,892","28,923","615,815","1,066,994",57.71%,41.91%,13.10%,28.81
第10案,彰化縣,彰化市,"82,890","29,022","111,912","4,211","116,123","190,995",60.8%,43.4%,15.20%,28.20
第10案,彰化縣,鹿港鎮,"30,405","9,044","39,449","1,862","41,311","70,505",58.59%,43.12%,12.83%,30.29
第10案,彰化縣,和美鎮,"30,653","10,373","41,026","1,809","42,835","75,286",56.9%,40.72%,13.78%,26.94
第10案,彰化縣,線西鄉,"6,150","1,832","7,982",454,"8,436","14,065",59.98%,43.73%,13.03%,30.70
第10案,彰化縣,伸港鄉,"12,387","4,001","16,388",900,"17,288","30,407",56.86%,40.74%,13.16%,27.58
第10案,彰化縣,福興鄉,"15,883","4,653","20,536","1,075","21,611","39,745",54.37%,39.96%,11.71%,28.25
第10案,彰化縣,秀水鄉,"13,956","4,445","18,401",927,"19,328","32,394",59.67%,43.08%,13.72%,29.36
第10案,彰化縣,花壇鄉,"17,218","5,170","22,388",926,"23,314","38,924",59.9%,44.23%,13.28%,30.95
第10案,彰化縣,芬園鄉,"8,360","2,461","10,821",652,"11,473","20,408",56.22%,40.96%,12.06%,28.90
第10案,彰化縣,員林市,"41,969","14,102","56,071","2,267","58,338","102,028",57.18%,41.13%,13.82%,27.31
第10案,彰化縣,溪湖鎮,"19,037","6,014","25,051","1,167","26,218","45,147",58.07%,42.17%,13.32%,28.85
第10案,彰化縣,田中鎮,"15,277","4,379","19,656",989,"20,645","35,391",58.33%,43.17%,12.37%,30.80
第10案,彰化縣,大村鄉,"13,606","4,239","17,845",874,"18,719","31,492",59.44%,43.2%,13.46%,29.74
第10案,彰化縣,埔鹽鄉,"12,636","3,341","15,977",989,"16,966","28,026",60.54%,45.09%,11.92%,33.17
第10案,彰化縣,埔心鄉,"13,270","4,073","17,343","1,013","18,356","29,642",61.93%,44.77%,13.74%,31.03
第10案,彰化縣,永靖鄉,"13,773","4,101","17,874",896,"18,770","31,239",60.09%,44.09%,13.13%,30.96
第10案,彰化縣,社頭鄉,"15,535","4,604","20,139",917,"21,056","36,306",58%,42.79%,12.68%,30.11
第10案,彰化縣,二水鄉,"5,976","1,711","7,687",445,"8,132","13,339",60.96%,44.8%,12.83%,31.97
第10案,彰化縣,北斗鎮,"11,911","3,461","15,372",821,"16,193","27,593",58.69%,43.17%,12.54%,30.63
第10案,彰化縣,二林鎮,"16,632","4,841","21,473","1,303","22,776","42,976",53%,38.7%,11.26%,27.44
第10案,彰化縣,田尾鄉,"10,063","2,986","13,049",752,"13,801","23,179",59.54%,43.41%,12.88%,30.53
第10案,彰化縣,埤頭鄉,"9,848","2,898","12,746",902,"13,648","25,677",53.15%,38.35%,11.29%,27.06
第10案,彰化縣,芳苑鄉,"10,493","2,804","13,297","1,056","14,353","29,291",49%,35.82%,9.57%,26.25
第10案,彰化縣,大城鄉,"4,311","1,049","5,360",403,"5,763","14,713",39.17%,29.3%,7.13%,22.17
第10案,彰化縣,竹塘鄉,"5,147","1,423","6,570",497,"7,067","12,821",55.12%,40.15%,11.10%,29.05
第10案,彰化縣,溪州鄉,"9,746","2,733","12,479",816,"13,295","25,405",52.33%,38.36%,10.76%,27.60
第10案,南投縣,,"184,051","52,700","236,751","12,381","249,132","427,089",58.33%,43.09%,12.34%,30.75
第10案,南投縣,南投市,"37,547","11,607","49,154","2,104","51,258","84,328",60.78%,44.52%,13.76%,30.76
第10案,南投縣,埔里鎮,"29,571","8,292","37,863","1,923","39,786","68,763",57.86%,43%,12.06%,30.94
第10案,南投縣,草屯鎮,"35,215","11,289","46,504","2,014","48,518","82,922",58.51%,42.47%,13.61%,28.86
第10案,南投縣,竹山鎮,"19,254","5,389","24,643","1,474","26,117","47,034",55.53%,40.94%,11.46%,29.48
第10案,南投縣,集集鎮,"4,034","1,229","5,263",319,"5,582","9,611",58.08%,41.97%,12.79%,29.18
第10案,南投縣,名間鄉,"14,533","4,339","18,872","1,282","20,154","33,408",60.33%,43.5%,12.99%,30.51
第10案,南投縣,鹿谷鄉,"6,472","1,638","8,110",500,"8,610","15,941",54.01%,40.6%,10.28%,30.32
第10案,南投縣,中寮鄉,"5,748","1,422","7,170",495,"7,665","13,181",58.15%,43.61%,10.79%,32.82
第10案,南投縣,魚池鄉,"5,603","1,534","7,137",479,"7,616","13,958",54.56%,40.14%,10.99%,29.15
第10案,南投縣,國姓鄉,"7,089","1,754","8,843",554,"9,397","16,597",56.62%,42.71%,10.57%,32.14
第10案,南投縣,水里鄉,"6,392","1,795","8,187",478,"8,665","15,458",56.06%,41.35%,11.61%,29.74
第10案,南投縣,信義鄉,"6,891","1,216","8,107",412,"8,519","13,299",64.06%,51.82%,9.14%,42.68
第10案,南投縣,仁愛鄉,"5,702","1,196","6,898",347,"7,245","12,589",57.55%,45.29%,9.50%,35.79
第10案,雲林縣,,"218,210","68,279","286,489","18,949","305,438","584,480",52.26%,37.33%,11.68%,25.65
第10案,雲林縣,斗六市,"37,033","12,751","49,784","2,138","51,922","89,761",57.84%,41.26%,14.21%,27.05
第10案,雲林縣,斗南鎮,"15,902","4,987","20,889","1,103","21,992","38,138",57.66%,41.7%,13.08%,28.62
第10案,雲林縣,虎尾鎮,"22,353","7,509","29,862","1,476","31,338","58,167",53.88%,38.43%,12.91%,25.52
第10案,雲林縣,西螺鎮,"14,136","5,125","19,261","1,296","20,557","38,142",53.9%,37.06%,13.44%,23.62
第10案,雲林縣,土庫鎮,"9,140","2,883","12,023",949,"12,972","24,412",53.14%,37.44%,11.81%,25.63
第10案,雲林縣,北港鎮,"13,375","4,138","17,513","1,149","18,662","33,958",54.96%,39.39%,12.19%,27.20
第10案,雲林縣,古坑鄉,"10,581","3,109","13,690",984,"14,674","27,477",53.4%,38.51%,11.31%,27.20
第10案,雲林縣,大埤鄉,"6,372","1,732","8,104",519,"8,623","16,509",52.23%,38.6%,10.49%,28.11
第10案,雲林縣,莿桐鄉,"9,597","3,037","12,634",983,"13,617","24,570",55.42%,39.06%,12.36%,26.70
第10案,雲林縣,林內鄉,"6,350","1,851","8,201",658,"8,859","15,551",56.97%,40.83%,11.90%,28.93
第10案,雲林縣,二崙鄉,"7,998","2,436","10,434",874,"11,308","23,367",48.39%,34.23%,10.42%,23.81
第10案,雲林縣,崙背鄉,"7,445","2,190","9,635",760,"10,395","21,050",49.38%,35.37%,10.40%,24.97
第10案,雲林縣,麥寮鄉,"13,085","4,055","17,140","1,160","18,300","37,119",49.3%,35.25%,10.92%,24.33
第10案,雲林縣,東勢鄉,"4,780","1,364","6,144",485,"6,629","13,239",50.07%,36.11%,10.30%,25.81
第10案,雲林縣,褒忠鄉,"4,110","1,373","5,483",377,"5,860","11,381",51.49%,36.11%,12.06%,24.05
第10案,雲林縣,臺西鄉,"7,062","1,953","9,015",740,"9,755","21,125",46.18%,33.43%,9.24%,24.19
第10案,雲林縣,元長鄉,"7,239","2,026","9,265",737,"10,002","22,830",43.81%,31.71%,8.87%,22.84
第10案,雲林縣,四湖鄉,"6,015","1,765","7,780",656,"8,436","20,983",40.2%,28.67%,8.41%,20.26
第10案,雲林縣,口湖鄉,"8,462","2,123","10,585","1,051","11,636","24,193",48.1%,34.98%,8.78%,26.20
第10案,雲林縣,水林鄉,"7,175","1,872","9,047",854,"9,901","22,508",43.99%,31.88%,8.32%,23.56
第10案,嘉義縣,,"166,655","48,809","215,464","12,809","228,273","442,775",51.56%,37.64%,11.02%,26.62
第10案,嘉義縣,太保市,"12,266","3,958","16,224",933,"17,157","31,568",54.35%,38.86%,12.54%,26.32
第10案,嘉義縣,朴子市,"13,420","4,113","17,533",935,"18,468","35,191",52.48%,38.13%,11.69%,26.44
第10案,嘉義縣,布袋鎮,"8,612","2,355","10,967",848,"11,815","23,965",49.3%,35.94%,9.83%,26.11
第10案,嘉義縣,大林鎮,"10,329","3,045","13,374",707,"14,081","26,922",52.3%,38.37%,11.31%,27.06
第10案,嘉義縣,民雄鄉,"23,825","7,586","31,411","1,672","33,083","61,209",54.05%,38.92%,12.39%,26.53
第10案,嘉義縣,溪口鄉,"4,982","1,458","6,440",450,"6,890","13,105",52.58%,38.02%,11.13%,26.89
第10案,嘉義縣,新港鄉,"10,873","3,212","14,085",942,"15,027","27,342",54.96%,39.77%,11.75%,28.02
第10案,嘉義縣,六腳鄉,"6,755","1,735","8,490",546,"9,036","20,821",43.4%,32.44%,8.33%,24.11
第10案,嘉義縣,東石鄉,"6,940","1,640","8,580",646,"9,226","21,915",42.1%,31.67%,7.48%,24.19
第10案,嘉義縣,義竹鄉,"6,137","1,837","7,974",565,"8,539","16,647",51.29%,36.87%,11.04%,25.83
第10案,嘉義縣,鹿草鄉,"4,653","1,463","6,116",518,"6,634","13,937",47.6%,33.39%,10.50%,22.89
第10案,嘉義縣,水上鄉,"17,400","4,998","22,398","1,083","23,481","43,857",53.54%,39.67%,11.40%,28.27
第10案,嘉義縣,中埔鄉,"13,696","4,097","17,793",899,"18,692","39,139",47.76%,34.99%,10.47%,24.52
第10案,嘉義縣,竹崎鄉,"12,242","3,347","15,589",868,"16,457","31,228",52.7%,39.2%,10.72%,28.48
第10案,嘉義縣,梅山鄉,"6,892","1,988","8,880",671,"9,551","17,083",55.91%,40.34%,11.64%,28.70
第10案,嘉義縣,番路鄉,"4,281","1,105","5,386",315,"5,701","10,156",56.13%,42.15%,10.88%,31.27
第10案,嘉義縣,大埔鄉,"1,585",501,"2,086",114,"2,200","3,999",55.01%,39.63%,12.53%,27.10
第10案,嘉義縣,阿里山鄉,"1,767",371,"2,138",97,"2,235","4,691",47.64%,37.67%,7.91%,29.76
第10案,屏東縣,,"270,712","85,379","356,091","21,016","377,107","711,720",52.99%,38.04%,12.00%,26.04
第10案,屏東縣,屏東市,"64,865","22,657","87,522","3,447","90,969","170,148",53.46%,38.12%,13.32%,24.80
第10案,屏東縣,潮州鎮,"17,588","5,413","23,001","1,142","24,143","46,444",51.98%,37.87%,11.65%,26.22
第10案,屏東縣,東港鎮,"15,278","4,663","19,941","1,197","21,138","39,495",53.52%,38.68%,11.81%,26.87
第10案,屏東縣,恆春鎮,"8,603","2,827","11,430",696,"12,126","25,661",47.25%,33.53%,11.02%,22.51
第10案,屏東縣,萬丹鄉,"17,040","5,202","22,242","1,453","23,695","43,478",54.5%,39.19%,11.96%,27.23
第10案,屏東縣,長治鄉,"10,288","3,361","13,649",882,"14,531","26,256",55.34%,39.18%,12.80%,26.38
第10案,屏東縣,麟洛鄉,"4,152","1,465","5,617",267,"5,884","9,970",59.02%,41.64%,14.69%,26.95
第10案,屏東縣,九如鄉,"7,418","2,324","9,742",739,"10,481","19,132",54.78%,38.77%,12.15%,26.62
第10案,屏東縣,里港鄉,"8,492","2,892","11,384",971,"12,355","22,128",55.83%,38.38%,13.07%,25.31
第10案,屏東縣,鹽埔鄉,"8,460","2,554","11,014",725,"11,739","22,402",52.4%,37.76%,11.40%,26.36
第10案,屏東縣,高樹鄉,"7,475","2,444","9,919",931,"10,850","21,697",50.01%,34.45%,11.26%,23.19
第10案,屏東縣,萬巒鄉,"6,818","1,954","8,772",599,"9,371","17,945",52.22%,37.99%,10.89%,27.10
第10案,屏東縣,內埔鄉,"16,703","5,211","21,914","1,228","23,142","47,558",48.66%,35.12%,10.96%,24.16
第10案,屏東縣,竹田鄉,"6,363","1,888","8,251",631,"8,882","15,353",57.85%,41.44%,12.30%,29.14
第10案,屏東縣,新埤鄉,"3,349",899,"4,248",341,"4,589","9,033",50.8%,37.08%,9.95%,27.13
第10案,屏東縣,枋寮鄉,"8,342","2,303","10,645",806,"11,451","21,394",53.52%,38.99%,10.76%,28.23
第10案,屏東縣,新園鄉,"11,532","3,587","15,119","1,213","16,332","30,706",53.19%,37.56%,11.68%,25.88
第10案,屏東縣,崁頂鄉,"4,526","1,549","6,075",384,"6,459","12,270",52.64%,36.89%,12.62%,24.27
第10案,屏東縣,林邊鄉,"6,383","1,765","8,148",648,"8,796","15,691",56.06%,40.68%,11.25%,29.43
第10案,屏東縣,南州鄉,"3,652","1,170","4,822",322,"5,144","9,479",54.27%,38.53%,12.34%,26.19
第10案,屏東縣,佳冬鄉,"6,104","1,799","7,903",641,"8,544","17,063",50.07%,35.77%,10.54%,25.23
第10案,屏東縣,琉球鄉,"3,577",818,"4,395",332,"4,727","10,706",44.15%,33.41%,7.64%,25.77
第10案,屏東縣,車城鄉,"2,257",757,"3,014",198,"3,212","7,595",42.29%,29.72%,9.97%,19.75
第10案,屏東縣,滿州鄉,"2,250",692,"2,942",167,"3,109","7,206",43.14%,31.22%,9.60%,21.62
第10案,屏東縣,枋山鄉,"1,831",533,"2,364",168,"2,532","4,856",52.14%,37.71%,10.98%,26.73
第10案,屏東縣,三地門鄉,"2,964",846,"3,810",164,"3,974","6,373",62.36%,46.51%,13.27%,33.24
第10案,屏東縣,霧臺鄉,"1,694",464,"2,158",65,"2,223","2,950",75.36%,57.42%,15.73%,41.69
第10案,屏東縣,瑪家鄉,"2,897",762,"3,659",128,"3,787","5,663",66.87%,51.16%,13.46%,37.70
第10案,屏東縣,泰武鄉,"2,193",574,"2,767",124,"2,891","4,344",66.55%,50.48%,13.21%,37.27
第10案,屏東縣,來義鄉,"2,890",701,"3,591",205,"3,796","6,257",60.67%,46.19%,11.20%,34.99
第10案,屏東縣,春日鄉,"1,286",407,"1,693",46,"1,739","3,923",44.33%,32.78%,10.37%,22.41
第10案,屏東縣,獅子鄉,"2,115",446,"2,561",93,"2,654","4,230",62.74%,50%,10.54%,39.46
第10案,屏東縣,牡丹鄉,"1,327",452,"1,779",63,"1,842","4,314",42.7%,30.76%,10.48%,20.28
第10案,臺東縣,,"72,221","20,213","92,434","5,025","97,459","185,996",52.4%,38.83%,10.87%,27.96
第10案,臺東縣,臺東市,"35,766","10,460","46,226","1,965","48,191","87,803",54.89%,40.73%,11.91%,28.82
第10案,臺東縣,成功鎮,"4,693","1,074","5,767",465,"6,232","12,426",50.15%,37.77%,8.64%,29.13
第10案,臺東縣,關山鎮,"2,728",810,"3,538",216,"3,754","7,509",49.99%,36.33%,10.79%,25.54
第10案,臺東縣,卑南鄉,"5,747","1,643","7,390",520,"7,910","14,976",52.82%,38.37%,10.97%,27.40
第10案,臺東縣,鹿野鄉,"2,190",718,"2,908",240,"3,148","6,936",45.39%,31.57%,10.35%,21.22
第10案,臺東縣,池上鄉,"2,357",668,"3,025",276,"3,301","7,162",46.09%,32.91%,9.33%,23.58
第10案,臺東縣,東河鄉,"2,506",657,"3,163",225,"3,388","7,635",44.37%,32.82%,8.61%,24.21
第10案,臺東縣,長濱鄉,"2,037",517,"2,554",246,"2,800","6,484",43.18%,31.42%,7.97%,23.45
第10案,臺東縣,太麻里鄉,"4,128",932,"5,060",284,"5,344","9,666",55.29%,42.71%,9.64%,33.07
第10案,臺東縣,大武鄉,"2,072",520,"2,592",187,"2,779","5,266",52.77%,39.35%,9.87%,29.48
第10案,臺東縣,綠島鄉,"1,099",443,"1,542",48,"1,590","3,579",44.43%,30.71%,12.38%,18.33
第10案,臺東縣,海端鄉,"1,382",316,"1,698",73,"1,771","3,278",54.03%,42.16%,9.64%,32.52
第10案,臺東縣,延平鄉,"1,326",307,"1,633",68,"1,701","2,930",58.05%,45.26%,10.48%,34.78
第10案,臺東縣,金峰鄉,"1,527",397,"1,924",82,"2,006","3,028",66.25%,50.43%,13.11%,37.32
第10案,臺東縣,達仁鄉,"1,446",352,"1,798",80,"1,878","3,137",59.87%,46.09%,11.22%,34.87
第10案,臺東縣,蘭嶼鄉,"1,217",399,"1,616",50,"1,666","4,181",39.85%,29.11%,9.54%,19.57
第10案,花蓮縣,,"110,028","30,699","140,727","7,095","147,822","278,059",53.16%,39.57%,11.04%,28.53
第10案,花蓮縣,花蓮市,"33,819","10,516","44,335","1,508","45,843","84,807",54.06%,39.88%,12.40%,27.48
第10案,花蓮縣,鳳林鎮,"3,992",998,"4,990",393,"5,383","9,676",55.63%,41.26%,10.31%,30.95
第10案,花蓮縣,玉里鎮,"7,597","1,782","9,379",749,"10,128","20,650",49.05%,36.79%,8.63%,28.16
第10案,花蓮縣,新城鄉,"6,871","1,975","8,846",436,"9,282","17,029",54.51%,40.35%,11.60%,28.75
第10案,花蓮縣,吉安鄉,"28,648","8,044","36,692","1,483","38,175","72,116",52.94%,39.72%,11.15%,28.57
第10案,花蓮縣,壽豐鄉,"6,517","1,804","8,321",537,"8,858","15,847",55.9%,41.12%,11.38%,29.74
第10案,花蓮縣,光復鄉,"4,530","1,070","5,600",473,"6,073","11,417",53.19%,39.68%,9.37%,30.31
第10案,花蓮縣,豐濱鄉,"1,574",461,"2,035",120,"2,155","4,395",49.03%,35.81%,10.49%,25.32
第10案,花蓮縣,瑞穗鄉,"3,987",902,"4,889",336,"5,225","10,279",50.83%,38.79%,8.78%,30.01
第10案,花蓮縣,富里鄉,"2,994",765,"3,759",389,"4,148","9,065",45.76%,33.03%,8.44%,24.59
第10案,花蓮縣,秀林鄉,"4,845","1,325","6,170",335,"6,505","12,562",51.78%,38.57%,10.55%,28.02
第10案,花蓮縣,萬榮鄉,"2,376",561,"2,937",172,"3,109","5,269",59.01%,45.09%,10.65%,34.44
第10案,花蓮縣,卓溪鄉,"2,278",496,"2,774",164,"2,938","4,947",59.39%,46.05%,10.03%,36.02
第10案,澎湖縣,,"30,169","9,187","39,356","1,884","41,240","90,405",45.62%,33.37%,10.16%,23.21
第10案,澎湖縣,馬公市,"19,142","6,154","25,296","1,087","26,383","53,655",49.17%,35.68%,11.47%,24.21
第10案,澎湖縣,湖西鄉,"4,216","1,153","5,369",265,"5,634","12,741",44.22%,33.09%,9.05%,24.04
第10案,澎湖縣,白沙鄉,"2,808",711,"3,519",187,"3,706","8,625",42.97%,32.56%,8.24%,24.32
第10案,澎湖縣,西嶼鄉,"1,842",514,"2,356",222,"2,578","7,382",34.92%,24.95%,6.96%,17.99
第10案,澎湖縣,望安鄉,"1,434",396,"1,830",81,"1,911","4,628",41.29%,30.99%,8.56%,22.43
第10案,澎湖縣,七美鄉,727,259,986,42,"1,028","3,374",30.47%,21.55%,7.68%,13.87
第10案,基隆市,,"116,173","44,691","160,864","6,056","166,920","320,030",52.16%,36.3%,13.96%,22.34
第10案,基隆市,中正區,"15,445","5,335","20,780",966,"21,746","45,545",47.75%,33.91%,11.71%,22.20
第10案,基隆市,七堵區,"17,231","6,505","23,736",917,"24,653","46,256",53.3%,37.25%,14.06%,23.19
第10案,基隆市,暖暖區,"12,321","4,869","17,190",517,"17,707","33,225",53.29%,37.08%,14.65%,22.43
第10案,基隆市,仁愛區,"13,703","5,184","18,887",879,"19,766","36,738",53.8%,37.3%,14.11%,23.19
第10案,基隆市,中山區,"15,249","5,791","21,040",835,"21,875","41,856",52.26%,36.43%,13.84%,22.59
第10案,基隆市,安樂區,"25,328","10,288","35,616","1,183","36,799","70,396",52.27%,35.98%,14.61%,21.37
第10案,基隆市,信義區,"16,896","6,719","23,615",759,"24,374","46,014",52.97%,36.72%,14.60%,22.12
第10案,新竹市,,"135,398","58,148","193,546","7,006","200,552","351,775",57.01%,38.49%,16.53%,21.96
第10案,新竹市,東區,"61,929","29,183","91,112","2,981","94,093","163,757",57.46%,37.82%,17.82%,20.00
第10案,新竹市,北區,"47,686","19,422","67,108","2,558","69,666","123,122",56.58%,38.73%,15.77%,22.96
第10案,新竹市,香山區,"25,783","9,543","35,326","1,467","36,793","64,896",56.7%,39.73%,14.71%,25.02
第10案,嘉義市,,"86,583","32,815","119,398","3,759","123,157","221,553",55.59%,39.08%,14.81%,24.27
第10案,嘉義市,東區,"38,806","15,349","54,155","1,598","55,753","100,647",55.39%,38.56%,15.25%,23.31
第10案,嘉義市,西區,"47,777","17,466","65,243","2,161","67,404","120,906",55.75%,39.52%,14.45%,25.07
第10案,臺北市,,"818,887","429,583","1,248,470","46,997","1,295,467","2,228,430",58.13%,36.75%,19.28%,17.47
第10案,臺北市,松山區,"63,084","33,872","96,956","3,581","100,537","169,278",59.39%,37.27%,20.01%,17.26
第10案,臺北市,信義區,"71,262","36,103","107,365","3,914","111,279","190,444",58.43%,37.42%,18.96%,18.46
第10案,臺北市,大安區,"91,356","50,083","141,439","4,695","146,134","252,645",57.84%,36.16%,19.82%,16.34
第10案,臺北市,中山區,"69,454","38,233","107,687","4,219","111,906","195,148",57.34%,35.59%,19.59%,16.00
第10案,臺北市,中正區,"47,831","24,913","72,744","2,545","75,289","128,292",58.69%,37.28%,19.42%,17.86
第10案,臺北市,大同區,"39,399","20,803","60,202","2,626","62,828","107,557",58.41%,36.63%,19.34%,17.29
第10案,臺北市,萬華區,"59,594","28,387","87,981","4,037","92,018","164,020",56.1%,36.33%,17.31%,19.02
第10案,臺北市,文山區,"86,838","44,249","131,087","4,971","136,058","227,211",59.88%,38.22%,19.47%,18.75
第10案,臺北市,南港區,"38,210","19,646","57,856","1,967","59,823","101,907",58.7%,37.49%,19.28%,18.21
第10案,臺北市,內湖區,"86,554","47,892","134,446","4,360","138,806","236,824",58.61%,36.55%,20.22%,16.33
第10案,臺北市,士林區,"88,429","45,761","134,190","5,537","139,727","241,854",57.77%,36.56%,18.92%,17.64
第10案,臺北市,北投區,"76,876","39,641","116,517","4,545","121,062","213,250",56.77%,36.05%,18.59%,17.46
第10案,高雄市,,"1,005,282","355,705","1,360,987","49,113","1,410,100","2,353,342",59.92%,42.72%,15.11%,27.61
第10案,高雄市,鹽埕區,"8,969","3,626","12,595",346,"12,941","21,617",59.86%,41.49%,16.77%,24.72
第10案,高雄市,鼓山區,"48,435","19,166","67,601","1,977","69,578","114,979",60.51%,42.13%,16.67%,25.46
第10案,高雄市,左營區,"70,061","26,437","96,498","2,660","99,158","161,367",61.45%,43.42%,16.38%,27.04
第10案,高雄市,楠梓區,"65,220","23,747","88,967","3,312","92,279","153,132",60.26%,42.59%,15.51%,27.08
第10案,高雄市,三民區,"121,735","48,041","169,776","4,983","174,759","289,519",60.36%,42.05%,16.59%,25.46
第10案,高雄市,新興區,"19,319","7,718","27,037",844,"27,881","44,355",62.86%,43.56%,17.40%,26.16
第10案,高雄市,前金區,"10,387","3,996","14,383",455,"14,838","23,928",62.01%,43.41%,16.70%,26.71
第10案,高雄市,苓雅區,"64,689","24,674","89,363","2,570","91,933","146,786",62.63%,44.07%,16.81%,27.26
第10案,高雄市,前鎮區,"68,512","24,607","93,119","3,463","96,582","161,797",59.69%,42.34%,15.21%,27.13
第10案,高雄市,旗津區,"9,528","3,540","13,068",554,"13,622","24,860",54.79%,38.33%,14.24%,24.09
第10案,高雄市,小港區,"56,814","19,977","76,791","2,643","79,434","132,733",59.84%,42.8%,15.05%,27.75
第10案,高雄市,鳳山區,"130,402","45,870","176,272","5,878","182,150","300,510",60.61%,43.39%,15.26%,28.13
第10案,高雄市,林園區,"24,254","7,968","32,222","1,465","33,687","59,129",56.97%,41.02%,13.48%,27.54
第10案,高雄市,大寮區,"41,344","13,324","54,668","2,065","56,733","97,309",58.3%,42.49%,13.69%,28.80
第10案,高雄市,大樹區,"15,423","4,625","20,048",910,"20,958","36,772",56.99%,41.94%,12.58%,29.36
第10案,高雄市,大社區,"12,290","4,430","16,720",758,"17,478","30,046",58.17%,40.9%,14.74%,26.16
第10案,高雄市,仁武區,"31,863","10,599","42,462","1,244","43,706","73,611",59.37%,43.29%,14.40%,28.89
第10案,高雄市,鳥松區,"16,980","6,317","23,297",815,"24,112","39,191",61.52%,43.33%,16.12%,27.21
第10案,高雄市,岡山區,"36,943","11,832","48,775","1,764","50,539","81,244",62.21%,45.47%,14.56%,30.91
第10案,高雄市,橋頭區,"14,932","4,943","19,875",832,"20,707","32,565",63.59%,45.85%,15.18%,30.67
第10案,高雄市,燕巢區,"10,820","3,489","14,309",785,"15,094","26,012",58.03%,41.6%,13.41%,28.19
第10案,高雄市,田寮區,"2,480",596,"3,076",232,"3,308","6,671",49.59%,37.18%,8.93%,28.25
第10案,高雄市,阿蓮區,"9,799","3,220","13,019",539,"13,558","24,534",55.26%,39.94%,13.12%,26.82
第10案,高雄市,路竹區,"18,878","6,137","25,015","1,185","26,200","43,850",59.75%,43.05%,14.00%,29.05
第10案,高雄市,湖內區,"10,650","3,395","14,045",622,"14,667","25,729",57.01%,41.39%,13.20%,28.19
第10案,高雄市,茄萣區,"10,434","3,315","13,749",700,"14,449","26,212",55.12%,39.81%,12.65%,27.16
第10案,高雄市,永安區,"5,565","1,716","7,281",367,"7,648","12,001",63.73%,46.37%,14.30%,32.07
第10案,高雄市,彌陀區,"7,695","2,184","9,879",469,"10,348","16,487",62.76%,46.67%,13.25%,33.42
第10案,高雄市,梓官區,"14,003","4,142","18,145",719,"18,864","31,025",60.8%,45.13%,13.35%,31.78
第10案,高雄市,旗山區,"13,439","3,938","17,377",982,"18,359","31,996",57.38%,42%,12.31%,29.69
第10案,高雄市,美濃區,"14,658","3,656","18,314","1,282","19,596","35,311",55.5%,41.51%,10.35%,31.16
第10案,高雄市,六龜區,"4,006","1,040","5,046",481,"5,527","11,501",48.06%,34.83%,9.04%,25.79
第10案,高雄市,甲仙區,"1,987",523,"2,510",249,"2,759","5,417",50.93%,36.68%,9.65%,27.03
第10案,高雄市,杉林區,"3,781",920,"4,701",329,"5,030","10,607",47.42%,35.65%,8.67%,26.98
第10案,高雄市,內門區,"4,951","1,203","6,154",420,"6,574","13,002",50.56%,38.08%,9.25%,28.83
第10案,高雄市,茂林區,865,190,"1,055",68,"1,123","1,615",69.54%,53.56%,11.76%,41.80
第10案,高雄市,桃源區,"1,747",348,"2,095",73,"2,168","3,498",61.98%,49.94%,9.95%,39.99
第10案,高雄市,那瑪夏區,"1,424",256,"1,680",73,"1,753","2,424",72.32%,58.75%,10.56%,48.19
第10案,新北市,,"1,259,036","539,138","1,798,174","78,810","1,876,984","3,375,513",55.61%,37.3%,15.97%,21.33
第10案,新北市,板橋區,"176,457","77,394","253,851","10,798","264,649","463,411",57.11%,38.08%,16.70%,21.38
第10案,新北市,三重區,"121,782","54,186","175,968","9,407","185,375","329,846",56.2%,36.92%,16.43%,20.49
第10案,新北市,中和區,"134,952","57,145","192,097","7,506","199,603","355,978",56.07%,37.91%,16.05%,21.86
第10案,新北市,永和區,"74,085","32,814","106,899","4,094","110,993","187,798",59.1%,39.45%,17.47%,21.98
第10案,新北市,新莊區,"132,191","57,351","189,542","8,227","197,769","344,981",57.33%,38.32%,16.62%,21.70
第10案,新北市,新店區,"101,656","43,236","144,892","5,427","150,319","264,053",56.93%,38.5%,16.37%,22.13
第10案,新北市,樹林區,"56,928","23,771","80,699","3,859","84,558","152,102",55.59%,37.43%,15.63%,21.80
第10案,新北市,鶯歌區,"26,295","10,394","36,689","1,585","38,274","71,645",53.42%,36.7%,14.51%,22.19
第10案,新北市,三峽區,"34,546","13,393","47,939","2,096","50,035","94,291",53.06%,36.64%,14.20%,22.44
第10案,新北市,淡水區,"52,094","23,054","75,148","3,010","78,158","147,272",53.07%,35.37%,15.65%,19.72
第10案,新北市,汐止區,"60,784","27,746","88,530","3,884","92,414","173,831",53.16%,34.97%,15.96%,19.01
第10案,新北市,瑞芳區,"12,024","4,137","16,161",972,"17,133","35,036",48.9%,34.32%,11.81%,22.51
第10案,新北市,土城區,"74,066","32,234","106,300","4,371","110,671","200,783",55.12%,36.89%,16.05%,20.84
第10案,新北市,蘆洲區,"59,667","26,519","86,186","3,860","90,046","167,457",53.77%,35.63%,15.84%,19.79
第10案,新北市,五股區,"26,544","10,584","37,128","1,731","38,859","72,443",53.64%,36.64%,14.61%,22.03
第10案,新北市,泰山區,"24,580","9,739","34,319","1,376","35,695","64,252",55.55%,38.26%,15.16%,23.10
第10案,新北市,林口區,"31,765","14,737","46,502","1,863","48,365","86,203",56.11%,36.85%,17.10%,19.75
第10案,新北市,深坑區,"7,628","3,300","10,928",489,"11,417","20,624",55.36%,36.99%,16.00%,20.99
第10案,新北市,石碇區,"2,501",819,"3,320",212,"3,532","6,861",51.48%,36.45%,11.94%,24.51
第10案,新北市,坪林區,"2,167",638,"2,805",233,"3,038","5,891",51.57%,36.78%,10.83%,25.95
第10案,新北市,三芝區,"6,808","2,518","9,326",501,"9,827","20,119",48.84%,33.84%,12.52%,21.32
第10案,新北市,石門區,"3,815","1,320","5,135",330,"5,465","10,528",51.91%,36.24%,12.54%,23.70
第10案,新北市,八里區,"11,996","4,660","16,656",863,"17,519","32,970",53.14%,36.38%,14.13%,22.25
第10案,新北市,平溪區,"1,582",385,"1,967",156,"2,123","4,321",49.13%,36.61%,8.91%,27.70
第10案,新北市,雙溪區,"2,822",798,"3,620",281,"3,901","7,999",48.77%,35.28%,9.98%,25.30
第10案,新北市,貢寮區,"3,533","1,148","4,681",364,"5,045","11,279",44.73%,31.32%,10.18%,21.14
第10案,新北市,金山區,"6,755","2,267","9,022",626,"9,648","18,978",50.84%,35.59%,11.95%,23.64
第10案,新北市,萬里區,"6,895","2,179","9,074",589,"9,663","19,297",50.08%,35.73%,11.29%,24.44
第10案,新北市,烏來區,"2,118",672,"2,790",100,"2,890","5,264",54.9%,40.24%,12.77%,27.47
第10案,臺中市,,"937,001","342,349","1,279,350","59,467","1,338,817","2,295,642",58.32%,40.82%,14.91%,25.91
第10案,臺中市,中區,"5,864","1,992","7,856",390,"8,246","14,696",56.11%,39.9%,13.55%,26.35
第10案,臺中市,東區,"26,787","9,626","36,413","1,821","38,234","64,291",59.47%,41.67%,14.97%,26.70
第10案,臺中市,南區,"43,492","17,918","61,410","2,619","64,029","103,643",61.78%,41.96%,17.29%,24.67
第10案,臺中市,西區,"37,391","16,558","53,949","2,062","56,011","95,040",58.93%,39.34%,17.42%,21.92
第10案,臺中市,北區,"48,410","19,874","68,284","2,635","70,919","124,621",56.91%,38.85%,15.95%,22.90
第10案,臺中市,西屯區,"72,436","30,741","103,177","4,169","107,346","183,814",58.4%,39.41%,16.72%,22.69
第10案,臺中市,南屯區,"55,403","23,888","79,291","3,074","82,365","135,448",60.81%,40.9%,17.64%,23.26
第10案,臺中市,北屯區,"90,632","35,861","126,493","4,881","131,374","227,720",57.69%,39.8%,15.75%,24.05
第10案,臺中市,豐原區,"58,173","20,463","78,636","4,034","82,670","136,658",60.49%,42.57%,14.97%,27.60
第10案,臺中市,東勢區,"19,191","4,955","24,146","1,376","25,522","43,181",59.1%,44.44%,11.47%,32.97
第10案,臺中市,大甲區,"26,092","8,849","34,941","1,781","36,722","63,069",58.23%,41.37%,14.03%,27.34
第10案,臺中市,清水區,"29,922","9,817","39,739","2,494","42,233","71,528",59.04%,41.83%,13.72%,28.11
第10案,臺中市,沙鹿區,"30,000","10,467","40,467","1,966","42,433","74,207",57.18%,40.43%,14.11%,26.32
第10案,臺中市,梧棲區,"18,872","6,614","25,486","1,500","26,986","47,040",57.37%,40.12%,14.06%,26.06
第10案,臺中市,后里區,"18,408","6,384","24,792","1,510","26,302","44,962",58.5%,40.94%,14.20%,26.74
第10案,臺中市,神岡區,"23,506","7,436","30,942","1,566","32,508","54,565",59.58%,43.08%,13.63%,29.45
第10案,臺中市,潭子區,"37,149","12,501","49,650","2,142","51,792","89,487",57.88%,41.51%,13.97%,27.54
第10案,臺中市,大雅區,"31,639","11,087","42,726","1,836","44,562","77,189",57.73%,40.99%,14.36%,26.63
第10案,臺中市,新社區,"8,396","2,292","10,688",611,"11,299","20,860",54.17%,40.25%,10.99%,29.26
第10案,臺中市,石岡區,"5,561","1,612","7,173",474,"7,647","12,880",59.37%,43.18%,12.52%,30.66
第10案,臺中市,外埔區,"11,728","3,418","15,146",787,"15,933","27,059",58.88%,43.34%,12.63%,30.71
第10案,臺中市,大安區,"7,095","2,058","9,153",626,"9,779","16,520",59.19%,42.95%,12.46%,30.49
第10案,臺中市,烏日區,"25,322","8,987","34,309","1,983","36,292","61,705",58.82%,41.04%,14.56%,26.48
第10案,臺中市,大肚區,"20,041","6,262","26,303","1,498","27,801","47,457",58.58%,42.23%,13.20%,29.03
第10案,臺中市,龍井區,"25,559","8,813","34,372","1,738","36,110","63,584",56.79%,40.2%,13.86%,26.34
第10案,臺中市,霧峰區,"24,043","7,594","31,637","1,878","33,515","55,225",60.69%,43.54%,13.75%,29.79
第10案,臺中市,太平區,"62,027","21,251","83,278","3,818","87,096","157,926",55.15%,39.28%,13.46%,25.82
第10案,臺中市,大里區,"69,234","24,075","93,309","3,867","97,176","171,769",56.57%,40.31%,14.02%,26.29
第10案,臺中市,和平區,"4,628",956,"5,584",331,"5,915","9,498",62.28%,48.73%,10.07%,38.66
第10案,臺南市,,"582,450","217,619","800,069","32,604","832,673","1,594,821",52.21%,36.52%,13.65%,22.87
第10案,臺南市,新營區,"22,927","8,754","31,681","1,163","32,844","64,949",50.57%,35.3%,13.48%,21.82
第10案,臺南市,鹽水區,"7,778","2,522","10,300",573,"10,873","22,121",49.15%,35.16%,11.40%,23.76
第10案,臺南市,白河區,"7,975","2,508","10,483",657,"11,140","24,894",44.75%,32.04%,10.07%,21.97
第10案,臺南市,柳營區,"6,828","2,082","8,910",599,"9,509","18,804",50.57%,36.31%,11.07%,25.24
第10案,臺南市,後壁區,"7,155","2,165","9,320",605,"9,925","20,841",47.62%,34.33%,10.39%,23.94
第10案,臺南市,東山區,"5,363","1,544","6,907",424,"7,331","18,471",39.69%,29.03%,8.36%,20.67
第10案,臺南市,麻豆區,"13,400","4,974","18,374",751,"19,125","37,963",50.38%,35.3%,13.10%,22.20
第10案,臺南市,下營區,"7,279","2,326","9,605",521,"10,126","20,947",48.34%,34.75%,11.10%,23.65
第10案,臺南市,六甲區,"6,261","2,575","8,836",572,"9,408","19,144",49.14%,32.7%,13.45%,19.25
第10案,臺南市,官田區,"6,624","2,280","8,904",429,"9,333","18,675",49.98%,35.47%,12.21%,23.26
第10案,臺南市,大內區,"3,200",821,"4,021",253,"4,274","8,654",49.39%,36.98%,9.49%,27.49
第10案,臺南市,佳里區,"19,170","6,512","25,682","1,073","26,755","50,407",53.08%,38.03%,12.92%,25.11
第10案,臺南市,學甲區,"8,001","2,459","10,460",489,"10,949","22,567",48.52%,35.45%,10.90%,24.55
第10案,臺南市,西港區,"7,409","2,402","9,811",422,"10,233","21,564",47.45%,34.36%,11.14%,23.22
第10案,臺南市,七股區,"7,258","2,011","9,269",387,"9,656","19,950",48.4%,36.38%,10.08%,26.30
第10案,臺南市,將軍區,"5,971","2,120","8,091",359,"8,450","17,754",47.59%,33.63%,11.94%,21.69
第10案,臺南市,北門區,"3,242",836,"4,078",183,"4,261","9,925",42.93%,32.66%,8.42%,24.24
第10案,臺南市,新化區,"14,534","4,924","19,458",878,"20,336","37,296",54.53%,38.97%,13.20%,25.77
第10案,臺南市,善化區,"14,283","5,725","20,008",875,"20,883","39,950",52.27%,35.75%,14.33%,21.42
第10案,臺南市,新市區,"11,632","4,216","15,848",651,"16,499","30,386",54.3%,38.28%,13.87%,24.41
第10案,臺南市,安定區,"10,120","3,357","13,477",814,"14,291","26,104",54.75%,38.77%,12.86%,25.91
第10案,臺南市,山上區,"2,134",646,"2,780",173,"2,953","6,511",45.35%,32.78%,9.92%,22.86
第10案,臺南市,玉井區,"4,582","1,248","5,830",300,"6,130","12,357",49.61%,37.08%,10.10%,26.98
第10案,臺南市,楠西區,"2,941",761,"3,702",210,"3,912","8,528",45.87%,34.49%,8.92%,25.57
第10案,臺南市,南化區,"2,782",756,"3,538",202,"3,740","7,786",48.03%,35.73%,9.71%,26.02
第10案,臺南市,左鎮區,"1,615",332,"1,947",129,"2,076","4,418",46.99%,36.56%,7.51%,29.05
第10案,臺南市,仁德區,"25,012","8,676","33,688","1,277","34,965","64,632",54.1%,38.7%,13.42%,25.28
第10案,臺南市,歸仁區,"21,719","8,119","29,838","1,172","31,010","57,387",54.04%,37.85%,14.15%,23.70
第10案,臺南市,關廟區,"11,757","3,807","15,564",757,"16,321","29,913",54.56%,39.3%,12.73%,26.57
第10案,臺南市,龍崎區,"1,411",367,"1,778",101,"1,879","3,713",50.61%,38%,9.88%,28.12
第10案,臺南市,永康區,"71,049","28,157","99,206","3,316","102,522","195,001",52.58%,36.44%,14.44%,22.00
第10案,臺南市,東區,"57,015","24,980","81,995","2,502","84,497","153,359",55.1%,37.18%,16.29%,20.89
第10案,臺南市,南區,"39,517","14,859","54,376","2,375","56,751","108,650",52.23%,36.37%,13.68%,22.69
第10案,臺南市,北區,"41,640","17,038","58,678","1,741","60,419","110,906",54.48%,37.55%,15.36%,22.19
第10案,臺南市,安南區,"58,866","22,149","81,015","3,312","84,327","159,654",52.82%,36.87%,13.87%,23.00
第10案,臺南市,安平區,"19,053","8,273","27,326","1,078","28,404","55,379",51.29%,34.4%,14.94%,19.46
第10案,臺南市,中西區,"24,947","10,338","35,285","1,281","36,566","65,261",56.03%,38.23%,15.84%,22.39
第10案,桃園市,,"655,472","245,285","900,757","33,409","934,166","1,801,823",51.85%,36.38%,13.61%,22.77
第10案,桃園市,桃園區,"123,326","53,798","177,124","6,175","183,299","359,790",50.95%,34.28%,14.95%,19.33
第10案,桃園市,中壢區,"123,638","46,978","170,616","5,915","176,531","334,402",52.79%,36.97%,14.05%,22.92
第10案,桃園市,大溪區,"29,684","9,924","39,608","1,971","41,579","78,285",53.11%,37.92%,12.68%,25.24
第10案,桃園市,楊梅區,"51,619","16,617","68,236","2,449","70,685","137,917",51.25%,37.43%,12.05%,25.38
第10案,桃園市,蘆竹區,"45,943","18,188","64,131","2,227","66,358","129,252",51.34%,35.55%,14.07%,21.48
第10案,桃園市,大園區,"26,423","9,401","35,824","1,374","37,198","73,900",50.34%,35.76%,12.72%,23.04
第10案,桃園市,龜山區,"44,517","18,410","62,927","2,307","65,234","131,702",49.53%,33.8%,13.98%,19.82
第10案,桃園市,八德區,"58,470","21,665","80,135","3,499","83,634","165,065",50.67%,35.42%,13.13%,22.29
第10案,桃園市,龍潭區,"40,228","12,745","52,973","1,797","54,770","101,574",53.92%,39.6%,12.55%,27.05
第10案,桃園市,平鎮區,"69,987","24,798","94,785","3,205","97,990","183,560",53.38%,38.13%,13.51%,24.62
第10案,桃園市,新屋區,"17,013","5,147","22,160","1,106","23,266","41,461",56.12%,41.03%,12.41%,28.62
第10案,桃園市,觀音區,"20,031","6,852","26,883","1,149","28,032","55,149",50.83%,36.32%,12.42%,23.90
第10案,桃園市,復興區,"4,593",762,"5,355",235,"5,590","9,766",57.24%,47.03%,7.80%,39.23
